aa, value
75, 0.011631541789542184
76, 0.24910311709365632
77, 0.02326157370338192
78, 1.1623081972579328
79, 0.06285973367720044
80, 0.02326157370338192
81, 0.11190288263266089
82, 0.4882073207002882
83, 1.227710112714429
84, 0.1279387938830282
85, 0.5744384655963177
86, 0.3198275007179929
87, 0.05405261515466578
88, 0.6191406660366853
89, 0.09071360242498377
90, 0.10127879313822001
91, 0.11952986255991906
92, 0.648359378431844
93, 0.14265286292757132
94, 0.4394281914863805
95, 0.2485897030526933
96, 0.36247440286224913